username,pid,name
username,pid,name
username,pid,name
username,pid,name
username,pid,name
username,pid,name
username,pid,name
username,pid,name
username,pid,name
username,pid,name
username,pid,name
username,pid,name
username,pid,name
username,pid,name
username,pid,name
username,pid,name
username,pid,name
username,pid,name
username,pid,name
username,pid,name
username,pid,name
username,pid,name
username,pid,name
username,pid,name
username,pid,name
username,pid,name
username,pid,name
username,pid,name
username,pid,name
username,pid,name
username,pid,name
username,pid,name
username,pid,name
username,pid,name
username,pid,name
username,pid,name
username,pid,name
username,pid,name
username,pid,name
username,pid,name
username,pid,name
username,pid,name
username,pid,name
username,pid,name
username,pid,name
username,pid,name
username,pid,name
username,pid,name
username,pid,name
username,pid,name
username,pid,name
username,pid,name
username,pid,name
username,pid,name
username,pid,name
username,pid,name
username,pid,name
username,pid,name
username,pid,name
username,pid,name
username,pid,name
username,pid,name
username,pid,name
username,pid,name
username,pid,name
username,pid,name
username,pid,name
username,pid,name
username,pid,name
username,pid,name
username,pid,name
username,pid,name
username,pid,name
username,pid,name
username,pid,name
username,pid,name
username,pid,name
username,pid,name
username,pid,name
username,pid,name
username,pid,name
username,pid,name
username,pid,name
username,pid,name
username,pid,name
username,pid,name
username,pid,name
username,pid,name
username,pid,name
username,pid,name
username,pid,name
username,pid,name
username,pid,name
username,pid,name
username,pid,name
username,pid,name
username,pid,name
username,pid,name
username,pid,name
username,pid,name
username,pid,name
username,pid,name
username,pid,name
username,pid,name
username,pid,name
username,pid,name
username,pid,name
username,pid,name
username,pid,name
username,pid,name
username,pid,name
username,pid,name
username,pid,name
username,pid,name
username,pid,name
username,pid,name
username,pid,name
username,pid,name
username,pid,name
username,pid,name
username,pid,name
username,pid,name
username,pid,name
username,pid,name
username,pid,name
username,pid,name
username,pid,name
username,pid,name
username,pid,name
username,pid,name
username,pid,name
username,pid,name
username,pid,name
username,pid,name
username,pid,name
username,pid,name
username,pid,name
username,pid,name
username,pid,name
username,pid,name
username,pid,name
username,pid,name
username,pid,name
username,pid,name
username,pid,name
username,pid,name
username,pid,name
username,pid,name
username,pid,name
username,pid,name
username,pid,name
username,pid,name
username,pid,name
username,pid,name
username,pid,name
username,pid,name
username,pid,name
username,pid,name
username,pid,name
username,pid,name
username,pid,name
username,pid,name
username,pid,name
username,pid,name
username,pid,name
username,pid,name
username,pid,name
username,pid,name
username,pid,name
username,pid,name
username,pid,name
username,pid,name
username,pid,name
username,pid,name
username,pid,name
username,pid,name
username,pid,name
username,pid,name
username,pid,name
username,pid,name
username,pid,name
username,pid,name
username,pid,name
username,pid,name
username,pid,name
username,pid,name
username,pid,name
username,pid,name
username,pid,name
username,pid,name
username,pid,name
username,pid,name
username,pid,name
username,pid,name
username,pid,name
username,pid,name
username,pid,name
username,pid,name
username,pid,name
username,pid,name
username,pid,name
username,pid,name
username,pid,name
username,pid,name
username,pid,name
username,pid,name
username,pid,name
username,pid,name
username,pid,name
username,pid,name
username,pid,name
username,pid,name
username,pid,name
username,pid,name
username,pid,name
username,pid,name
username,pid,name
username,pid,name
username,pid,name
username,pid,name
username,pid,name
username,pid,name
username,pid,name
username,pid,name
username,pid,name
username,pid,name
username,pid,name
username,pid,name
username,pid,name
username,pid,name
username,pid,name
username,pid,name
username,pid,name
username,pid,name
username,pid,name
username,pid,name
username,pid,name
username,pid,name
username,pid,name
username,pid,name
username,pid,name
username,pid,name
username,pid,name
username,pid,name
username,pid,name
username,pid,name
username,pid,name
username,pid,name
username,pid,name
username,pid,name
username,pid,name
username,pid,name
username,pid,name
username,pid,name
username,pid,name
username,pid,name
username,pid,name
username,pid,name
username,pid,name
username,pid,name
username,pid,name
username,pid,name
username,pid,name
username,pid,name
username,pid,name
username,pid,name
username,pid,name
username,pid,name
username,pid,name
username,pid,name
username,pid,name
username,pid,name
username,pid,name
username,pid,name
username,pid,name
username,pid,name
username,pid,name
username,pid,name
username,pid,name
username,pid,name
username,pid,name
username,pid,name
username,pid,name
username,pid,name
username,pid,name
username,pid,name
username,pid,name
username,pid,name
username,pid,name
username,pid,name
username,pid,name
username,pid,name
username,pid,name
username,pid,name
